"grlA amino acid substitution","gyrA amino acid substitution","grlB amino acid substitution","Reported MICs (mg/L)",References
S80F+E84V,E88K,"",>1024,20
S80Y+E84G,S84L+S85P,"",512-1024,21
"",S84L,"",>512,"22, 23, 24"
"",S84A,"",>512,23
S80F+E84L,S84L+S85P,"",512*,25
S80Y+E84G,S84L+E88K,"",256-512,21
S80Y+E84K,S84L+S85P,"",256-512*,25
"",S84L+S85P,"",>256,"22, 24"
S80Y+E84G,S84L,"",256,21
S80F+S108N,S84L+S85P,"",256*,25
S80Y+E84G,S84L+E88L,"",256*,25
S80Y+E84K,S84L,"",128-256,"26, 27"
S80F+E84K,S84L,"",32-256,"27, 28, 29"
S80F+A48T,S84L,"",32-256,"20, 30"
S80F+E84K,S84L+S85P,"",32-256,"27, 29"
"",S84L+E88K,"",>128,24
S80F+E84K,"","",>128,24
S80F+E84G,S84L,"",128,28
S80Y,S84L,"",32-128*,"26, 27"
S80F,S84L,"",8-128*,"21, 25, 27, 28, 29, 30, 31, 32"
S80Y,E88K,"",8-128*,26
E84K,S84L,"",8-128*,"25, 27, 28, 33"
S80F,"","",0.5-128,"20, 24, 27"
S80F,S84L+E88K,"",>100,33
S80F,S84L,P451S,>64*,"26, 29"
S80F+E84V,S84L,"",>64,29
S80F+Y83N,S84L,"",>64,29
S80F+E84K,S84L+E88G,"",>64,29
"",S85P,"",64,22
S80F,S84L+S85P,"",64,29
S80F,S84L+S85P,D432V,64,29
S80F,S84L+S85P,D432N or H,64,21
A116E,S84L,"",32,32
S80F,S84L,P585S,32,29
"",E88K,"",16-32,27
S80F,E88G,"",16-32,27
S80F,E88K,"",8-32*,"20, 26, 27, 28, 33"
S80F+D432G,S84L,"",16,20
D79V+S80Y,S84L,"",16*,26
S80F+V41G+I45M,S84L,"",16,20
S80F+V41G,S84L,E422D,16,20
S80F,S84L+G106D,"",16,20
S80Y,E88G,"",8-12.5,"27, 33"
E84K,S84L,D443E+R444S,8*,25
D79V+S80F,E88K,"",8*,26
"",S84L,R470D,4,32
S80Y,"","",0.5-4,24
S80F+I45M,"",E422D,2,20
